<!--
  ~ Hibernate, Relational Persistence for Idiomatic Java
  ~
  ~ License: GNU Lesser General Public License (LGPL), version 2.1 or later.
  ~ See the lgpl.txt file in the root directory or <http://www.gnu.org/licenses/lgpl-2.1.html>.
  -->
<!DOCTYPE hibernate-configuration PUBLIC
        "-//Hibernate/Hibernate Configuration DTD 3.0//EN"
        "http://www.hibernate.org/dtd/hibernate-configuration-3.0.dtd">

<hibernate-configuration>
    <session-factory>
        <property name="hibernate.dialect">org.hibernate.dialect.MySQL5Dialect</property>
        <property name="hibernate.connection.driver_class">com.mysql.jdbc.Driver</property>
        <property name="hibernate.connection.username">root</property>
        <property name="hibernate.connection.password">Dawn3331</property>
        <property name="hibernate.connection.url">jdbc:mysql://localhost:3306/learnersacademy</property>
        <property name="hibernate.cache.use_query_cache">true</property>
        
        <property name="hibernate.jdbc.use_streams_for_binary">true</property>
        <property name="hibernate.jdbc.batch_size">0</property>
        <property name="hibernate.max_fetch_depth">3</property>
        <property name="show_sql">true</property>
        <property name="hibernate.hbm2ddl.auto">update</property>
        <property name="cache.provider_class">org.hibernate.cache.NoCacheProvider</property>
        <property name="hibernate.generate_statistics">true</property>
        <property name="test-assertable-setting">value</property>
        <property name="current_session_context_class">thread</property>
        <mapping class="learnersacademy.models.Admin"/>
        <mapping class="learnersacademy.models.Student"/>
        <mapping class="learnersacademy.models.Class"/>
        <mapping class="learnersacademy.models.Subject"/>
        <mapping class="learnersacademy.models.Teacher"/>
        
        
        
        
        
        
    </session-factory>
</hibernate-configuration>